{"warnings":[{"file":"/Users/Jeremy/Desktop/Jeremy/Evolv/Evolv/LineChartLib.swift","line":14,"symbol":"LineChart","symbol_kind":"source.lang.swift.decl.class","warning":"undocumented"},{"file":"/Users/Jeremy/Desktop/Jeremy/Evolv/Evolv/LineChartLib.swift","line":18,"symbol":"Grid","symbol_kind":"source.lang.swift.decl.struct","warning":"undocumented"},{"file":"/Users/Jeremy/Desktop/Jeremy/Evolv/Evolv/LineChartLib.swift","line":19,"symbol":"visible","symbol_kind":"source.lang.swift.decl.var.instance","warning":"undocumented"},{"file":"/Users/Jeremy/Desktop/Jeremy/Evolv/Evolv/LineChartLib.swift","line":20,"symbol":"count","symbol_kind":"source.lang.swift.decl.var.instance","warning":"undocumented"},{"file":"/Users/Jeremy/Desktop/Jeremy/Evolv/Evolv/LineChartLib.swift","line":21,"symbol":"color","symbol_kind":"source.lang.swift.decl.var.instance","warning":"undocumented"},{"file":"/Users/Jeremy/Desktop/Jeremy/Evolv/Evolv/LineChartLib.swift","line":24,"symbol":"Axis","symbol_kind":"source.lang.swift.decl.struct","warning":"undocumented"},{"file":"/Users/Jeremy/Desktop/Jeremy/Evolv/Evolv/LineChartLib.swift","line":25,"symbol":"visible","symbol_kind":"source.lang.swift.decl.var.instance","warning":"undocumented"},{"file":"/Users/Jeremy/Desktop/Jeremy/Evolv/Evolv/LineChartLib.swift","line":26,"symbol":"color","symbol_kind":"source.lang.swift.decl.var.instance","warning":"undocumented"},{"file":"/Users/Jeremy/Desktop/Jeremy/Evolv/Evolv/LineChartLib.swift","line":27,"symbol":"inset","symbol_kind":"source.lang.swift.decl.var.instance","warning":"undocumented"},{"file":"/Users/Jeremy/Desktop/Jeremy/Evolv/Evolv/LineChartLib.swift","line":30,"symbol":"Coordinate","symbol_kind":"source.lang.swift.decl.struct","warning":"undocumented"},{"file":"/Users/Jeremy/Desktop/Jeremy/Evolv/Evolv/LineChartLib.swift","line":32,"symbol":"grid","symbol_kind":"source.lang.swift.decl.var.instance","warning":"undocumented"},{"file":"/Users/Jeremy/Desktop/Jeremy/Evolv/Evolv/LineChartLib.swift","line":33,"symbol":"axis","symbol_kind":"source.lang.swift.decl.var.instance","warning":"undocumented"},{"file":"/Users/Jeremy/Desktop/Jeremy/Evolv/Evolv/LineChartLib.swift","line":41,"symbol":"Dots","symbol_kind":"source.lang.swift.decl.struct","warning":"undocumented"},{"file":"/Users/Jeremy/Desktop/Jeremy/Evolv/Evolv/LineChartLib.swift","line":42,"symbol":"visible","symbol_kind":"source.lang.swift.decl.var.instance","warning":"undocumented"},{"file":"/Users/Jeremy/Desktop/Jeremy/Evolv/Evolv/LineChartLib.swift","line":43,"symbol":"color","symbol_kind":"source.lang.swift.decl.var.instance","warning":"undocumented"},{"file":"/Users/Jeremy/Desktop/Jeremy/Evolv/Evolv/LineChartLib.swift","line":44,"symbol":"innerRadius","symbol_kind":"source.lang.swift.decl.var.instance","warning":"undocumented"},{"file":"/Users/Jeremy/Desktop/Jeremy/Evolv/Evolv/LineChartLib.swift","line":45,"symbol":"outerRadius","symbol_kind":"source.lang.swift.decl.var.instance","warning":"undocumented"},{"file":"/Users/Jeremy/Desktop/Jeremy/Evolv/Evolv/LineChartLib.swift","line":46,"symbol":"innerRadiusHighlighted","symbol_kind":"source.lang.swift.decl.var.instance","warning":"undocumented"},{"file":"/Users/Jeremy/Desktop/Jeremy/Evolv/Evolv/LineChartLib.swift","line":47,"symbol":"outerRadiusHighlighted","symbol_kind":"source.lang.swift.decl.var.instance","warning":"undocumented"},{"file":"/Users/Jeremy/Desktop/Jeremy/Evolv/Evolv/LineChartLib.swift","line":50,"symbol":"Line","symbol_kind":"source.lang.swift.decl.struct","warning":"undocumented"},{"file":"/Users/Jeremy/Desktop/Jeremy/Evolv/Evolv/LineChartLib.swift","line":51,"symbol":"dataStore","symbol_kind":"source.lang.swift.decl.var.instance","warning":"undocumented"},{"file":"/Users/Jeremy/Desktop/Jeremy/Evolv/Evolv/LineChartLib.swift","line":52,"symbol":"colorNumber","symbol_kind":"source.lang.swift.decl.var.instance","warning":"undocumented"},{"file":"/Users/Jeremy/Desktop/Jeremy/Evolv/Evolv/LineChartLib.swift","line":57,"symbol":"area","symbol_kind":"source.lang.swift.decl.var.instance","warning":"undocumented"},{"file":"/Users/Jeremy/Desktop/Jeremy/Evolv/Evolv/LineChartLib.swift","line":58,"symbol":"dots","symbol_kind":"source.lang.swift.decl.var.instance","warning":"undocumented"},{"file":"/Users/Jeremy/Desktop/Jeremy/Evolv/Evolv/LineChartLib.swift","line":59,"symbol":"lineStore","symbol_kind":"source.lang.swift.decl.var.instance","warning":"undocumented"},{"file":"/Users/Jeremy/Desktop/Jeremy/Evolv/Evolv/LineChartLib.swift","line":60,"symbol":"x","symbol_kind":"source.lang.swift.decl.var.instance","warning":"undocumented"},{"file":"/Users/Jeremy/Desktop/Jeremy/Evolv/Evolv/LineChartLib.swift","line":61,"symbol":"y","symbol_kind":"source.lang.swift.decl.var.instance","warning":"undocumented"},{"file":"/Users/Jeremy/Desktop/Jeremy/Evolv/Evolv/LineChartLib.swift","line":63,"symbol":"autoMinMax","symbol_kind":"source.lang.swift.decl.var.instance","warning":"undocumented"},{"file":"/Users/Jeremy/Desktop/Jeremy/Evolv/Evolv/LineChartLib.swift","line":64,"symbol":"max","symbol_kind":"source.lang.swift.decl.var.instance","warning":"undocumented"},{"file":"/Users/Jeremy/Desktop/Jeremy/Evolv/Evolv/LineChartLib.swift","line":65,"symbol":"min","symbol_kind":"source.lang.swift.decl.var.instance","warning":"undocumented"},{"file":"/Users/Jeremy/Desktop/Jeremy/Evolv/Evolv/LineChartLib.swift","line":67,"symbol":"lineWidth","symbol_kind":"source.lang.swift.decl.var.instance","warning":"undocumented"},{"file":"/Users/Jeremy/Desktop/Jeremy/Evolv/Evolv/LineChartLib.swift","line":107,"symbol":"colors","symbol_kind":"source.lang.swift.decl.var.instance","warning":"undocumented"},{"file":"/Users/Jeremy/Desktop/Jeremy/Evolv/Evolv/LineChartLib.swift","line":124,"symbol":"init(frame:)","symbol_kind":"source.lang.swift.decl.function.method.instance","warning":"undocumented"},{"file":"/Users/Jeremy/Desktop/Jeremy/Evolv/Evolv/LineChartLib.swift","line":130,"symbol":"init()","symbol_kind":"source.lang.swift.decl.function.method.instance","warning":"undocumented"},{"file":"/Users/Jeremy/Desktop/Jeremy/Evolv/Evolv/LineChartLib.swift","line":135,"symbol":"init(coder:)","symbol_kind":"source.lang.swift.decl.function.method.instance","warning":"undocumented"},{"file":"/Users/Jeremy/Desktop/Jeremy/Evolv/Evolv/LineChartLib.swift","line":143,"symbol":"setmax(_:)","symbol_kind":"source.lang.swift.decl.function.method.instance","warning":"undocumented"},{"file":"/Users/Jeremy/Desktop/Jeremy/Evolv/Evolv/LineChartLib.swift","line":154,"symbol":"setmin(_:)","symbol_kind":"source.lang.swift.decl.function.method.instance","warning":"undocumented"},{"file":"/Users/Jeremy/Desktop/Jeremy/Evolv/Evolv/LineChartLib.swift","line":167,"symbol":"drawRect(_:)","symbol_kind":"source.lang.swift.decl.function.method.instance","warning":"undocumented"},{"file":"/Users/Jeremy/Desktop/Jeremy/Evolv/Evolv/LineChartLib.swift","line":382,"symbol":"addLine(_:colorNumber:)","symbol_kind":"source.lang.swift.decl.function.method.instance","warning":"undocumented"},{"file":"/Users/Jeremy/Desktop/Jeremy/Evolv/Evolv/LineChartLib.swift","line":392,"symbol":"clearAll()","symbol_kind":"source.lang.swift.decl.function.method.instance","warning":"undocumented"},{"file":"/Users/Jeremy/Desktop/Jeremy/Evolv/Evolv/LineChartLib.swift","line":401,"symbol":"clear()","symbol_kind":"source.lang.swift.decl.function.method.instance","warning":"undocumented"},{"file":"/Users/Jeremy/Desktop/Jeremy/Evolv/Evolv/LineChartLib.swift","line":416,"symbol":"LinearScale","symbol_kind":"source.lang.swift.decl.class","warning":"undocumented"},{"file":"/Users/Jeremy/Desktop/Jeremy/Evolv/Evolv/LineChartLib.swift","line":420,"symbol":"domain","symbol_kind":"source.lang.swift.decl.var.instance","warning":"undocumented"},{"file":"/Users/Jeremy/Desktop/Jeremy/Evolv/Evolv/LineChartLib.swift","line":421,"symbol":"range","symbol_kind":"source.lang.swift.decl.var.instance","warning":"undocumented"},{"file":"/Users/Jeremy/Desktop/Jeremy/Evolv/Evolv/LineChartLib.swift","line":425,"symbol":"init(domain:range:)","symbol_kind":"source.lang.swift.decl.function.method.instance","warning":"undocumented"},{"file":"/Users/Jeremy/Desktop/Jeremy/Evolv/Evolv/LineChartLib.swift","line":430,"symbol":"scale()","symbol_kind":"source.lang.swift.decl.function.method.instance","warning":"undocumented"},{"file":"/Users/Jeremy/Desktop/Jeremy/Evolv/Evolv/LineChartLib.swift","line":435,"symbol":"invert()","symbol_kind":"source.lang.swift.decl.function.method.instance","warning":"undocumented"},{"file":"/Users/Jeremy/Desktop/Jeremy/Evolv/Evolv/LineChartLib.swift","line":440,"symbol":"ticks(_:)","symbol_kind":"source.lang.swift.decl.function.method.instance","warning":"undocumented"},{"file":"/Users/Jeremy/Desktop/Jeremy/Evolv/Evolv/StretchSenseLibrary.swift","line":73,"symbol":"colorName","symbol_kind":"source.lang.swift.decl.var.instance","warning":"undocumented"},{"file":"/Users/Jeremy/Desktop/Jeremy/Evolv/Evolv/StretchSenseLibrary.swift","line":74,"symbol":"colorValueRGB","symbol_kind":"source.lang.swift.decl.var.instance","warning":"undocumented"},{"file":"/Users/Jeremy/Desktop/Jeremy/Evolv/Evolv/StretchSenseLibrary.swift","line":837,"symbol":"centralManager(_:didRetrieveConnectedPeripherals:)","symbol_kind":"source.lang.swift.decl.function.method.instance","warning":"undocumented"},{"file":"/Users/Jeremy/Desktop/Jeremy/Evolv/Evolv/LineChartViewController.swift","line":null,"symbol":"LineChartViewController","symbol_kind":"source.lang.swift.decl.extension","warning":"undocumented"},{"file":"/Users/Jeremy/Desktop/Jeremy/Evolv/Evolv/LineChartViewController.swift","line":10,"symbol":"LineChartViewController","symbol_kind":"source.lang.swift.decl.class","warning":"undocumented"},{"file":"/Users/Jeremy/Desktop/Jeremy/Evolv/Evolv/LineChartViewController.swift","line":15,"symbol":"lineChart","symbol_kind":"source.lang.swift.decl.var.instance","warning":"undocumented"},{"file":"/Users/Jeremy/Desktop/Jeremy/Evolv/Evolv/LineChartViewController.swift","line":18,"symbol":"listPeripheralsConnected","symbol_kind":"source.lang.swift.decl.var.instance","warning":"undocumented"},{"file":"/Users/Jeremy/Desktop/Jeremy/Evolv/Evolv/LineChartViewController.swift","line":19,"symbol":"numberOfSample","symbol_kind":"source.lang.swift.decl.var.instance","warning":"undocumented"},{"file":"/Users/Jeremy/Desktop/Jeremy/Evolv/Evolv/LineChartViewController.swift","line":20,"symbol":"numberOfThePeripheralToUpdate","symbol_kind":"source.lang.swift.decl.var.instance","warning":"undocumented"},{"file":"/Users/Jeremy/Desktop/Jeremy/Evolv/Evolv/LineChartViewController.swift","line":23,"symbol":"valueAverage","symbol_kind":"source.lang.swift.decl.var.instance","warning":"undocumented"},{"file":"/Users/Jeremy/Desktop/Jeremy/Evolv/Evolv/LineChartViewController.swift","line":24,"symbol":"valueSamplingTime","symbol_kind":"source.lang.swift.decl.var.instance","warning":"undocumented"},{"file":"/Users/Jeremy/Desktop/Jeremy/Evolv/Evolv/LineChartViewController.swift","line":27,"symbol":"newConnection","symbol_kind":"source.lang.swift.decl.var.instance","warning":"undocumented"},{"file":"/Users/Jeremy/Desktop/Jeremy/Evolv/Evolv/LineChartViewController.swift","line":28,"symbol":"previousNumberOfPeripheral","symbol_kind":"source.lang.swift.decl.var.instance","warning":"undocumented"},{"file":"/Users/Jeremy/Desktop/Jeremy/Evolv/Evolv/LineChartViewController.swift","line":29,"symbol":"defaultValueOfTheNewSensor","symbol_kind":"source.lang.swift.decl.var.instance","warning":"undocumented"},{"file":"/Users/Jeremy/Desktop/Jeremy/Evolv/Evolv/LineChartViewController.swift","line":32,"symbol":"timestampBeginRecording","symbol_kind":"source.lang.swift.decl.var.instance","warning":"undocumented"},{"file":"/Users/Jeremy/Desktop/Jeremy/Evolv/Evolv/LineChartViewController.swift","line":33,"symbol":"timestampSampleCurentTime","symbol_kind":"source.lang.swift.decl.var.instance","warning":"undocumented"},{"file":"/Users/Jeremy/Desktop/Jeremy/Evolv/Evolv/LineChartViewController.swift","line":34,"symbol":"timestampSampleRelativeTime","symbol_kind":"source.lang.swift.decl.var.instance","warning":"undocumented"},{"file":"/Users/Jeremy/Desktop/Jeremy/Evolv/Evolv/LineChartViewController.swift","line":37,"symbol":"tableValue","symbol_kind":"source.lang.swift.decl.var.instance","warning":"undocumented"},{"file":"/Users/Jeremy/Desktop/Jeremy/Evolv/Evolv/LineChartViewController.swift","line":39,"symbol":"view2","symbol_kind":"source.lang.swift.decl.var.instance","warning":"undocumented"},{"file":"/Users/Jeremy/Desktop/Jeremy/Evolv/Evolv/LineChartViewController.swift","line":40,"symbol":"buttonRecord","symbol_kind":"source.lang.swift.decl.var.instance","warning":"undocumented"},{"file":"/Users/Jeremy/Desktop/Jeremy/Evolv/Evolv/LineChartViewController.swift","line":41,"symbol":"sliderSampling","symbol_kind":"source.lang.swift.decl.var.instance","warning":"undocumented"},{"file":"/Users/Jeremy/Desktop/Jeremy/Evolv/Evolv/LineChartViewController.swift","line":42,"symbol":"sliderFiltering","symbol_kind":"source.lang.swift.decl.var.instance","warning":"undocumented"},{"file":"/Users/Jeremy/Desktop/Jeremy/Evolv/Evolv/LineChartViewController.swift","line":45,"symbol":"sampleNumber","symbol_kind":"source.lang.swift.decl.var.instance","warning":"undocumented"},{"file":"/Users/Jeremy/Desktop/Jeremy/Evolv/Evolv/LineChartViewController.swift","line":46,"symbol":"isRecording","symbol_kind":"source.lang.swift.decl.var.instance","warning":"undocumented"},{"file":"/Users/Jeremy/Desktop/Jeremy/Evolv/Evolv/LineChartViewController.swift","line":47,"symbol":"sentenceToRecord","symbol_kind":"source.lang.swift.decl.var.instance","warning":"undocumented"},{"file":"/Users/Jeremy/Desktop/Jeremy/Evolv/Evolv/LineChartViewController.swift","line":48,"symbol":"allSentencesRecorded","symbol_kind":"source.lang.swift.decl.var.instance","warning":"undocumented"},{"file":"/Users/Jeremy/Desktop/Jeremy/Evolv/Evolv/LineChartViewController.swift","line":49,"symbol":"popupLabelTemporary","symbol_kind":"source.lang.swift.decl.var.instance","warning":"undocumented"},{"file":"/Users/Jeremy/Desktop/Jeremy/Evolv/Evolv/LineChartViewController.swift","line":50,"symbol":"labelRecord","symbol_kind":"source.lang.swift.decl.var.instance","warning":"undocumented"},{"file":"/Users/Jeremy/Desktop/Jeremy/Evolv/Evolv/LineChartViewController.swift","line":57,"symbol":"viewDidLoad()","symbol_kind":"source.lang.swift.decl.function.method.instance","warning":"undocumented"},{"file":"/Users/Jeremy/Desktop/Jeremy/Evolv/Evolv/LineChartViewController.swift","line":102,"symbol":"viewWillDisappear(_:)","symbol_kind":"source.lang.swift.decl.function.method.instance","warning":"undocumented"},{"file":"/Users/Jeremy/Desktop/Jeremy/Evolv/Evolv/LineChartViewController.swift","line":113,"symbol":"newInfoDetected()","symbol_kind":"source.lang.swift.decl.function.method.instance","warning":"undocumented"},{"file":"/Users/Jeremy/Desktop/Jeremy/Evolv/Evolv/LineChartViewController.swift","line":123,"symbol":"newValueDetected0()","symbol_kind":"source.lang.swift.decl.function.method.instance","warning":"undocumented"},{"file":"/Users/Jeremy/Desktop/Jeremy/Evolv/Evolv/LineChartViewController.swift","line":129,"symbol":"newValueDetected1()","symbol_kind":"source.lang.swift.decl.function.method.instance","warning":"undocumented"},{"file":"/Users/Jeremy/Desktop/Jeremy/Evolv/Evolv/LineChartViewController.swift","line":135,"symbol":"newValueDetected2()","symbol_kind":"source.lang.swift.decl.function.method.instance","warning":"undocumented"},{"file":"/Users/Jeremy/Desktop/Jeremy/Evolv/Evolv/LineChartViewController.swift","line":141,"symbol":"newValueDetected3()","symbol_kind":"source.lang.swift.decl.function.method.instance","warning":"undocumented"},{"file":"/Users/Jeremy/Desktop/Jeremy/Evolv/Evolv/LineChartViewController.swift","line":146,"symbol":"newValueDetected4()","symbol_kind":"source.lang.swift.decl.function.method.instance","warning":"undocumented"},{"file":"/Users/Jeremy/Desktop/Jeremy/Evolv/Evolv/LineChartViewController.swift","line":151,"symbol":"newValueDetected5()","symbol_kind":"source.lang.swift.decl.function.method.instance","warning":"undocumented"},{"file":"/Users/Jeremy/Desktop/Jeremy/Evolv/Evolv/LineChartViewController.swift","line":156,"symbol":"newValueDetected6()","symbol_kind":"source.lang.swift.decl.function.method.instance","warning":"undocumented"},{"file":"/Users/Jeremy/Desktop/Jeremy/Evolv/Evolv/LineChartViewController.swift","line":161,"symbol":"newValueDetected7()","symbol_kind":"source.lang.swift.decl.function.method.instance","warning":"undocumented"},{"file":"/Users/Jeremy/Desktop/Jeremy/Evolv/Evolv/LineChartViewController.swift","line":166,"symbol":"newValueDetected8()","symbol_kind":"source.lang.swift.decl.function.method.instance","warning":"undocumented"},{"file":"/Users/Jeremy/Desktop/Jeremy/Evolv/Evolv/LineChartViewController.swift","line":171,"symbol":"newValueDetected9()","symbol_kind":"source.lang.swift.decl.function.method.instance","warning":"undocumented"},{"file":"/Users/Jeremy/Desktop/Jeremy/Evolv/Evolv/LineChartViewController.swift","line":177,"symbol":"newValueDetected()","symbol_kind":"source.lang.swift.decl.function.method.instance","warning":"undocumented"},{"file":"/Users/Jeremy/Desktop/Jeremy/Evolv/Evolv/LineChartViewController.swift","line":257,"symbol":"reloadGraph()","symbol_kind":"source.lang.swift.decl.function.method.instance","warning":"undocumented"},{"file":"/Users/Jeremy/Desktop/Jeremy/Evolv/Evolv/LineChartViewController.swift","line":271,"symbol":"didSelectDataPoint(_:yValues:)","symbol_kind":"source.lang.swift.decl.function.method.instance","warning":"undocumented"},{"file":"/Users/Jeremy/Desktop/Jeremy/Evolv/Evolv/LineChartViewController.swift","line":277,"symbol":"didRotateFromInterfaceOrientation(_:)","symbol_kind":"source.lang.swift.decl.function.method.instance","warning":"undocumented"},{"file":"/Users/Jeremy/Desktop/Jeremy/Evolv/Evolv/LineChartViewController.swift","line":315,"symbol":"barButtonTapped(_:)","symbol_kind":"source.lang.swift.decl.function.method.instance","warning":"undocumented"},{"file":"/Users/Jeremy/Desktop/Jeremy/Evolv/Evolv/LineChartViewController.swift","line":329,"symbol":"adaptivePresentationStyleForPresentationController(_:)","symbol_kind":"source.lang.swift.decl.function.method.instance","warning":"undocumented"},{"file":"/Users/Jeremy/Desktop/Jeremy/Evolv/Evolv/LineChartViewController.swift","line":335,"symbol":"labelValueMax","symbol_kind":"source.lang.swift.decl.var.instance","warning":"undocumented"},{"file":"/Users/Jeremy/Desktop/Jeremy/Evolv/Evolv/LineChartViewController.swift","line":337,"symbol":"ButtonSetMax(_:)","symbol_kind":"source.lang.swift.decl.function.method.instance","warning":"undocumented"},{"file":"/Users/Jeremy/Desktop/Jeremy/Evolv/Evolv/LineChartViewController.swift","line":360,"symbol":"labelValueMin","symbol_kind":"source.lang.swift.decl.var.instance","warning":"undocumented"},{"file":"/Users/Jeremy/Desktop/Jeremy/Evolv/Evolv/LineChartViewController.swift","line":362,"symbol":"ButtonSetMin(_:)","symbol_kind":"source.lang.swift.decl.function.method.instance","warning":"undocumented"},{"file":"/Users/Jeremy/Desktop/Jeremy/Evolv/Evolv/LineChartViewController.swift","line":389,"symbol":"labelValuePeriod","symbol_kind":"source.lang.swift.decl.var.instance","warning":"undocumented"},{"file":"/Users/Jeremy/Desktop/Jeremy/Evolv/Evolv/LineChartViewController.swift","line":390,"symbol":"labelValueFiltering","symbol_kind":"source.lang.swift.decl.var.instance","warning":"undocumented"},{"file":"/Users/Jeremy/Desktop/Jeremy/Evolv/Evolv/LineChartViewController.swift","line":393,"symbol":"sliderFrequency(_:)","symbol_kind":"source.lang.swift.decl.function.method.instance","warning":"undocumented"},{"file":"/Users/Jeremy/Desktop/Jeremy/Evolv/Evolv/LineChartViewController.swift","line":409,"symbol":"sliderAverage(_:)","symbol_kind":"source.lang.swift.decl.function.method.instance","warning":"undocumented"},{"file":"/Users/Jeremy/Desktop/Jeremy/Evolv/Evolv/LineChartViewController.swift","line":421,"symbol":"recordPauseButton(_:)","symbol_kind":"source.lang.swift.decl.function.method.instance","warning":"undocumented"},{"file":"/Users/Jeremy/Desktop/Jeremy/Evolv/Evolv/LineChartViewController.swift","line":461,"symbol":"deleteRecord(_:)","symbol_kind":"source.lang.swift.decl.function.method.instance","warning":"undocumented"},{"file":"/Users/Jeremy/Desktop/Jeremy/Evolv/Evolv/LineChartViewController.swift","line":517,"symbol":"shareButton(_:)","symbol_kind":"source.lang.swift.decl.function.method.instance","warning":"undocumented"},{"file":"/Users/Jeremy/Desktop/Jeremy/Evolv/Evolv/LineChartViewController.swift","line":557,"symbol":"waitFor2sec()","symbol_kind":"source.lang.swift.decl.function.method.instance","warning":"undocumented"},{"file":"/Users/Jeremy/Desktop/Jeremy/Evolv/Evolv/LineChartViewController.swift","line":567,"symbol":"tableView(_:numberOfRowsInSection:)","symbol_kind":"source.lang.swift.decl.function.method.instance","warning":"undocumented"},{"file":"/Users/Jeremy/Desktop/Jeremy/Evolv/Evolv/LineChartViewController.swift","line":574,"symbol":"numberOfSectionsInTableView(_:)","symbol_kind":"source.lang.swift.decl.function.method.instance","warning":"undocumented"},{"file":"/Users/Jeremy/Desktop/Jeremy/Evolv/Evolv/LineChartViewController.swift","line":580,"symbol":"tableView(_:cellForRowAtIndexPath:)","symbol_kind":"source.lang.swift.decl.function.method.instance","warning":"undocumented"},{"file":"/Users/Jeremy/Desktop/Jeremy/Evolv/Evolv/LineChartViewController.swift","line":603,"symbol":"tableView(_:didSelectRowAtIndexPath:)","symbol_kind":"source.lang.swift.decl.function.method.instance","warning":"undocumented"},{"file":"/Users/Jeremy/Desktop/Jeremy/Evolv/Evolv/BarGraphViewController.swift","line":null,"symbol":"BarGraphViewController","symbol_kind":"source.lang.swift.decl.extension","warning":"undocumented"},{"file":"/Users/Jeremy/Desktop/Jeremy/Evolv/Evolv/BarGraphViewController.swift","line":10,"symbol":"BarGraphViewController","symbol_kind":"source.lang.swift.decl.class","warning":"undocumented"},{"file":"/Users/Jeremy/Desktop/Jeremy/Evolv/Evolv/BarGraphViewController.swift","line":15,"symbol":"lineChart","symbol_kind":"source.lang.swift.decl.var.instance","warning":"undocumented"},{"file":"/Users/Jeremy/Desktop/Jeremy/Evolv/Evolv/BarGraphViewController.swift","line":18,"symbol":"listPeripheralsConnected","symbol_kind":"source.lang.swift.decl.var.instance","warning":"undocumented"},{"file":"/Users/Jeremy/Desktop/Jeremy/Evolv/Evolv/BarGraphViewController.swift","line":20,"symbol":"numberOfSample","symbol_kind":"source.lang.swift.decl.var.instance","warning":"undocumented"},{"file":"/Users/Jeremy/Desktop/Jeremy/Evolv/Evolv/BarGraphViewController.swift","line":21,"symbol":"arrayData","symbol_kind":"source.lang.swift.decl.var.instance","warning":"undocumented"},{"file":"/Users/Jeremy/Desktop/Jeremy/Evolv/Evolv/BarGraphViewController.swift","line":22,"symbol":"arrayDataBarGraph","symbol_kind":"source.lang.swift.decl.var.instance","warning":"undocumented"},{"file":"/Users/Jeremy/Desktop/Jeremy/Evolv/Evolv/BarGraphViewController.swift","line":23,"symbol":"numberOfThePeripheralToUpdate","symbol_kind":"source.lang.swift.decl.var.instance","warning":"undocumented"},{"file":"/Users/Jeremy/Desktop/Jeremy/Evolv/Evolv/BarGraphViewController.swift","line":26,"symbol":"valueAverage","symbol_kind":"source.lang.swift.decl.var.instance","warning":"undocumented"},{"file":"/Users/Jeremy/Desktop/Jeremy/Evolv/Evolv/BarGraphViewController.swift","line":27,"symbol":"valueSamplingTime","symbol_kind":"source.lang.swift.decl.var.instance","warning":"undocumented"},{"file":"/Users/Jeremy/Desktop/Jeremy/Evolv/Evolv/BarGraphViewController.swift","line":30,"symbol":"newConnection","symbol_kind":"source.lang.swift.decl.var.instance","warning":"undocumented"},{"file":"/Users/Jeremy/Desktop/Jeremy/Evolv/Evolv/BarGraphViewController.swift","line":31,"symbol":"previousNumberOfPeripheral","symbol_kind":"source.lang.swift.decl.var.instance","warning":"undocumented"},{"file":"/Users/Jeremy/Desktop/Jeremy/Evolv/Evolv/BarGraphViewController.swift","line":32,"symbol":"defaultValueOfTheNewSensor","symbol_kind":"source.lang.swift.decl.var.instance","warning":"undocumented"},{"file":"/Users/Jeremy/Desktop/Jeremy/Evolv/Evolv/BarGraphViewController.swift","line":35,"symbol":"timestampBeginRecording","symbol_kind":"source.lang.swift.decl.var.instance","warning":"undocumented"},{"file":"/Users/Jeremy/Desktop/Jeremy/Evolv/Evolv/BarGraphViewController.swift","line":36,"symbol":"timestampSampleCurentTime","symbol_kind":"source.lang.swift.decl.var.instance","warning":"undocumented"},{"file":"/Users/Jeremy/Desktop/Jeremy/Evolv/Evolv/BarGraphViewController.swift","line":37,"symbol":"timestampSampleRelativeTime","symbol_kind":"source.lang.swift.decl.var.instance","warning":"undocumented"},{"file":"/Users/Jeremy/Desktop/Jeremy/Evolv/Evolv/BarGraphViewController.swift","line":40,"symbol":"tableValue","symbol_kind":"source.lang.swift.decl.var.instance","warning":"undocumented"},{"file":"/Users/Jeremy/Desktop/Jeremy/Evolv/Evolv/BarGraphViewController.swift","line":41,"symbol":"view2","symbol_kind":"source.lang.swift.decl.var.instance","warning":"undocumented"},{"file":"/Users/Jeremy/Desktop/Jeremy/Evolv/Evolv/BarGraphViewController.swift","line":42,"symbol":"buttonRecord","symbol_kind":"source.lang.swift.decl.var.instance","warning":"undocumented"},{"file":"/Users/Jeremy/Desktop/Jeremy/Evolv/Evolv/BarGraphViewController.swift","line":43,"symbol":"sliderSampling","symbol_kind":"source.lang.swift.decl.var.instance","warning":"undocumented"},{"file":"/Users/Jeremy/Desktop/Jeremy/Evolv/Evolv/BarGraphViewController.swift","line":44,"symbol":"sliderFiltering","symbol_kind":"source.lang.swift.decl.var.instance","warning":"undocumented"},{"file":"/Users/Jeremy/Desktop/Jeremy/Evolv/Evolv/BarGraphViewController.swift","line":47,"symbol":"sampleNumber","symbol_kind":"source.lang.swift.decl.var.instance","warning":"undocumented"},{"file":"/Users/Jeremy/Desktop/Jeremy/Evolv/Evolv/BarGraphViewController.swift","line":48,"symbol":"isRecording","symbol_kind":"source.lang.swift.decl.var.instance","warning":"undocumented"},{"file":"/Users/Jeremy/Desktop/Jeremy/Evolv/Evolv/BarGraphViewController.swift","line":49,"symbol":"sentenceToRecord","symbol_kind":"source.lang.swift.decl.var.instance","warning":"undocumented"},{"file":"/Users/Jeremy/Desktop/Jeremy/Evolv/Evolv/BarGraphViewController.swift","line":50,"symbol":"allSentencesRecorded","symbol_kind":"source.lang.swift.decl.var.instance","warning":"undocumented"},{"file":"/Users/Jeremy/Desktop/Jeremy/Evolv/Evolv/BarGraphViewController.swift","line":51,"symbol":"popupLabelTemporary","symbol_kind":"source.lang.swift.decl.var.instance","warning":"undocumented"},{"file":"/Users/Jeremy/Desktop/Jeremy/Evolv/Evolv/BarGraphViewController.swift","line":52,"symbol":"labelRecord","symbol_kind":"source.lang.swift.decl.var.instance","warning":"undocumented"},{"file":"/Users/Jeremy/Desktop/Jeremy/Evolv/Evolv/BarGraphViewController.swift","line":59,"symbol":"viewDidLoad()","symbol_kind":"source.lang.swift.decl.function.method.instance","warning":"undocumented"},{"file":"/Users/Jeremy/Desktop/Jeremy/Evolv/Evolv/BarGraphViewController.swift","line":110,"symbol":"viewWillDisappear(_:)","symbol_kind":"source.lang.swift.decl.function.method.instance","warning":"undocumented"},{"file":"/Users/Jeremy/Desktop/Jeremy/Evolv/Evolv/BarGraphViewController.swift","line":121,"symbol":"newInfoDetected()","symbol_kind":"source.lang.swift.decl.function.method.instance","warning":"undocumented"},{"file":"/Users/Jeremy/Desktop/Jeremy/Evolv/Evolv/BarGraphViewController.swift","line":129,"symbol":"newValueDetected0()","symbol_kind":"source.lang.swift.decl.function.method.instance","warning":"undocumented"},{"file":"/Users/Jeremy/Desktop/Jeremy/Evolv/Evolv/BarGraphViewController.swift","line":134,"symbol":"newValueDetected1()","symbol_kind":"source.lang.swift.decl.function.method.instance","warning":"undocumented"},{"file":"/Users/Jeremy/Desktop/Jeremy/Evolv/Evolv/BarGraphViewController.swift","line":139,"symbol":"newValueDetected2()","symbol_kind":"source.lang.swift.decl.function.method.instance","warning":"undocumented"},{"file":"/Users/Jeremy/Desktop/Jeremy/Evolv/Evolv/BarGraphViewController.swift","line":144,"symbol":"newValueDetected3()","symbol_kind":"source.lang.swift.decl.function.method.instance","warning":"undocumented"},{"file":"/Users/Jeremy/Desktop/Jeremy/Evolv/Evolv/BarGraphViewController.swift","line":149,"symbol":"newValueDetected4()","symbol_kind":"source.lang.swift.decl.function.method.instance","warning":"undocumented"},{"file":"/Users/Jeremy/Desktop/Jeremy/Evolv/Evolv/BarGraphViewController.swift","line":154,"symbol":"newValueDetected5()","symbol_kind":"source.lang.swift.decl.function.method.instance","warning":"undocumented"},{"file":"/Users/Jeremy/Desktop/Jeremy/Evolv/Evolv/BarGraphViewController.swift","line":159,"symbol":"newValueDetected6()","symbol_kind":"source.lang.swift.decl.function.method.instance","warning":"undocumented"},{"file":"/Users/Jeremy/Desktop/Jeremy/Evolv/Evolv/BarGraphViewController.swift","line":164,"symbol":"newValueDetected7()","symbol_kind":"source.lang.swift.decl.function.method.instance","warning":"undocumented"},{"file":"/Users/Jeremy/Desktop/Jeremy/Evolv/Evolv/BarGraphViewController.swift","line":169,"symbol":"newValueDetected8()","symbol_kind":"source.lang.swift.decl.function.method.instance","warning":"undocumented"},{"file":"/Users/Jeremy/Desktop/Jeremy/Evolv/Evolv/BarGraphViewController.swift","line":174,"symbol":"newValueDetected9()","symbol_kind":"source.lang.swift.decl.function.method.instance","warning":"undocumented"},{"file":"/Users/Jeremy/Desktop/Jeremy/Evolv/Evolv/BarGraphViewController.swift","line":179,"symbol":"newValueDetected()","symbol_kind":"source.lang.swift.decl.function.method.instance","warning":"undocumented"},{"file":"/Users/Jeremy/Desktop/Jeremy/Evolv/Evolv/BarGraphViewController.swift","line":251,"symbol":"reloadGraph()","symbol_kind":"source.lang.swift.decl.function.method.instance","warning":"undocumented"},{"file":"/Users/Jeremy/Desktop/Jeremy/Evolv/Evolv/BarGraphViewController.swift","line":269,"symbol":"didSelectDataPoint(_:yValues:)","symbol_kind":"source.lang.swift.decl.function.method.instance","warning":"undocumented"},{"file":"/Users/Jeremy/Desktop/Jeremy/Evolv/Evolv/BarGraphViewController.swift","line":275,"symbol":"didRotateFromInterfaceOrientation(_:)","symbol_kind":"source.lang.swift.decl.function.method.instance","warning":"undocumented"},{"file":"/Users/Jeremy/Desktop/Jeremy/Evolv/Evolv/BarGraphViewController.swift","line":314,"symbol":"barButtonTapped(_:)","symbol_kind":"source.lang.swift.decl.function.method.instance","warning":"undocumented"},{"file":"/Users/Jeremy/Desktop/Jeremy/Evolv/Evolv/BarGraphViewController.swift","line":329,"symbol":"adaptivePresentationStyleForPresentationController(_:)","symbol_kind":"source.lang.swift.decl.function.method.instance","warning":"undocumented"},{"file":"/Users/Jeremy/Desktop/Jeremy/Evolv/Evolv/BarGraphViewController.swift","line":336,"symbol":"labelValueMin","symbol_kind":"source.lang.swift.decl.var.instance","warning":"undocumented"},{"file":"/Users/Jeremy/Desktop/Jeremy/Evolv/Evolv/BarGraphViewController.swift","line":338,"symbol":"ButtonSetMin(_:)","symbol_kind":"source.lang.swift.decl.function.method.instance","warning":"undocumented"},{"file":"/Users/Jeremy/Desktop/Jeremy/Evolv/Evolv/BarGraphViewController.swift","line":361,"symbol":"labelValueMax","symbol_kind":"source.lang.swift.decl.var.instance","warning":"undocumented"},{"file":"/Users/Jeremy/Desktop/Jeremy/Evolv/Evolv/BarGraphViewController.swift","line":363,"symbol":"buttonSetMax(_:)","symbol_kind":"source.lang.swift.decl.function.method.instance","warning":"undocumented"},{"file":"/Users/Jeremy/Desktop/Jeremy/Evolv/Evolv/BarGraphViewController.swift","line":390,"symbol":"labelValuePeriod","symbol_kind":"source.lang.swift.decl.var.instance","warning":"undocumented"},{"file":"/Users/Jeremy/Desktop/Jeremy/Evolv/Evolv/BarGraphViewController.swift","line":391,"symbol":"labelValueFiltering","symbol_kind":"source.lang.swift.decl.var.instance","warning":"undocumented"},{"file":"/Users/Jeremy/Desktop/Jeremy/Evolv/Evolv/BarGraphViewController.swift","line":394,"symbol":"sliderSamplingTime(_:)","symbol_kind":"source.lang.swift.decl.function.method.instance","warning":"undocumented"},{"file":"/Users/Jeremy/Desktop/Jeremy/Evolv/Evolv/BarGraphViewController.swift","line":410,"symbol":"sliderAverage(_:)","symbol_kind":"source.lang.swift.decl.function.method.instance","warning":"undocumented"},{"file":"/Users/Jeremy/Desktop/Jeremy/Evolv/Evolv/BarGraphViewController.swift","line":422,"symbol":"recordStop(_:)","symbol_kind":"source.lang.swift.decl.function.method.instance","warning":"undocumented"},{"file":"/Users/Jeremy/Desktop/Jeremy/Evolv/Evolv/BarGraphViewController.swift","line":463,"symbol":"deleteRecord(_:)","symbol_kind":"source.lang.swift.decl.function.method.instance","warning":"undocumented"},{"file":"/Users/Jeremy/Desktop/Jeremy/Evolv/Evolv/BarGraphViewController.swift","line":519,"symbol":"shareButton(_:)","symbol_kind":"source.lang.swift.decl.function.method.instance","warning":"undocumented"},{"file":"/Users/Jeremy/Desktop/Jeremy/Evolv/Evolv/BarGraphViewController.swift","line":553,"symbol":"waitFor2sec()","symbol_kind":"source.lang.swift.decl.function.method.instance","warning":"undocumented"},{"file":"/Users/Jeremy/Desktop/Jeremy/Evolv/Evolv/BarGraphViewController.swift","line":563,"symbol":"tableView(_:numberOfRowsInSection:)","symbol_kind":"source.lang.swift.decl.function.method.instance","warning":"undocumented"},{"file":"/Users/Jeremy/Desktop/Jeremy/Evolv/Evolv/BarGraphViewController.swift","line":569,"symbol":"numberOfSectionsInTableView(_:)","symbol_kind":"source.lang.swift.decl.function.method.instance","warning":"undocumented"},{"file":"/Users/Jeremy/Desktop/Jeremy/Evolv/Evolv/BarGraphViewController.swift","line":575,"symbol":"tableView(_:cellForRowAtIndexPath:)","symbol_kind":"source.lang.swift.decl.function.method.instance","warning":"undocumented"},{"file":"/Users/Jeremy/Desktop/Jeremy/Evolv/Evolv/BarGraphViewController.swift","line":596,"symbol":"tableView(_:didSelectRowAtIndexPath:)","symbol_kind":"source.lang.swift.decl.function.method.instance","warning":"undocumented"},{"file":"/Users/Jeremy/Desktop/Jeremy/Evolv/Evolv/ViewController.swift","line":20,"symbol":"stretchsenseObject","symbol_kind":"source.lang.swift.decl.var.global","warning":"undocumented"},{"file":"/Users/Jeremy/Desktop/Jeremy/Evolv/Evolv/ViewController.swift","line":25,"symbol":"ViewController","symbol_kind":"source.lang.swift.decl.class","warning":"undocumented"},{"file":"/Users/Jeremy/Desktop/Jeremy/Evolv/Evolv/ViewController.swift","line":31,"symbol":"labelSensorsConnected","symbol_kind":"source.lang.swift.decl.var.instance","warning":"undocumented"},{"file":"/Users/Jeremy/Desktop/Jeremy/Evolv/Evolv/ViewController.swift","line":37,"symbol":"viewDidLoad()","symbol_kind":"source.lang.swift.decl.function.method.instance","warning":"undocumented"},{"file":"/Users/Jeremy/Desktop/Jeremy/Evolv/Evolv/ViewController.swift","line":48,"symbol":"viewWillAppear(_:)","symbol_kind":"source.lang.swift.decl.function.method.instance","warning":"undocumented"},{"file":"/Users/Jeremy/Desktop/Jeremy/Evolv/Evolv/ViewController.swift","line":62,"symbol":"disconnectAllSensor(_:)","symbol_kind":"source.lang.swift.decl.function.method.instance","warning":"undocumented"},{"file":"/Users/Jeremy/Desktop/Jeremy/Evolv/Evolv/ViewController.swift","line":81,"symbol":"barButtonTapped(_:)","symbol_kind":"source.lang.swift.decl.function.method.instance","warning":"undocumented"},{"file":"/Users/Jeremy/Desktop/Jeremy/Evolv/Evolv/ViewController.swift","line":98,"symbol":"adaptivePresentationStyleForPresentationController(_:)","symbol_kind":"source.lang.swift.decl.function.method.instance","warning":"undocumented"},{"file":"/Users/Jeremy/Desktop/Jeremy/Evolv/Evolv/ViewController.swift","line":103,"symbol":"popoverPresentationControllerDidDismissPopover(_:)","symbol_kind":"source.lang.swift.decl.function.method.instance","warning":"undocumented"},{"file":"/Users/Jeremy/Desktop/Jeremy/Evolv/Evolv/ViewController.swift","line":111,"symbol":"toDoItems","symbol_kind":"source.lang.swift.decl.var.instance","warning":"undocumented"},{"file":"/Users/Jeremy/Desktop/Jeremy/Evolv/Evolv/ViewController.swift","line":112,"symbol":"convertMutable","symbol_kind":"source.lang.swift.decl.var.instance","warning":"undocumented"},{"file":"/Users/Jeremy/Desktop/Jeremy/Evolv/Evolv/ViewController.swift","line":113,"symbol":"incomingString","symbol_kind":"source.lang.swift.decl.var.instance","warning":"undocumented"},{"file":"/Users/Jeremy/Desktop/Jeremy/Evolv/Evolv/ViewController.swift","line":114,"symbol":"datastring","symbol_kind":"source.lang.swift.decl.var.instance","warning":"undocumented"},{"file":"/Users/Jeremy/Desktop/Jeremy/Evolv/Evolv/AppDelegate.swift","line":12,"symbol":"AppDelegate","symbol_kind":"source.lang.swift.decl.class","warning":"undocumented"},{"file":"/Users/Jeremy/Desktop/Jeremy/Evolv/Evolv/AppDelegate.swift","line":14,"symbol":"window","symbol_kind":"source.lang.swift.decl.var.instance","warning":"undocumented"},{"file":"/Users/Jeremy/Desktop/Jeremy/Evolv/Evolv/AppDelegate.swift","line":17,"symbol":"application(_:didFinishLaunchingWithOptions:)","symbol_kind":"source.lang.swift.decl.function.method.instance","warning":"undocumented"},{"file":"/Users/Jeremy/Desktop/Jeremy/Evolv/Evolv/AppDelegate.swift","line":22,"symbol":"applicationWillResignActive(_:)","symbol_kind":"source.lang.swift.decl.function.method.instance","warning":"undocumented"},{"file":"/Users/Jeremy/Desktop/Jeremy/Evolv/Evolv/AppDelegate.swift","line":27,"symbol":"applicationDidEnterBackground(_:)","symbol_kind":"source.lang.swift.decl.function.method.instance","warning":"undocumented"},{"file":"/Users/Jeremy/Desktop/Jeremy/Evolv/Evolv/AppDelegate.swift","line":32,"symbol":"applicationWillEnterForeground(_:)","symbol_kind":"source.lang.swift.decl.function.method.instance","warning":"undocumented"},{"file":"/Users/Jeremy/Desktop/Jeremy/Evolv/Evolv/AppDelegate.swift","line":36,"symbol":"applicationDidBecomeActive(_:)","symbol_kind":"source.lang.swift.decl.function.method.instance","warning":"undocumented"},{"file":"/Users/Jeremy/Desktop/Jeremy/Evolv/Evolv/AppDelegate.swift","line":40,"symbol":"applicationWillTerminate(_:)","symbol_kind":"source.lang.swift.decl.function.method.instance","warning":"undocumented"},{"file":"/Users/Jeremy/Desktop/Jeremy/Evolv/Evolv/InfoViewController.swift","line":11,"symbol":"InfoViewController","symbol_kind":"source.lang.swift.decl.class","warning":"undocumented"},{"file":"/Users/Jeremy/Desktop/Jeremy/Evolv/Evolv/InfoViewController.swift","line":13,"symbol":"scrollView","symbol_kind":"source.lang.swift.decl.var.instance","warning":"undocumented"},{"file":"/Users/Jeremy/Desktop/Jeremy/Evolv/Evolv/InfoViewController.swift","line":15,"symbol":"viewDidLoad()","symbol_kind":"source.lang.swift.decl.function.method.instance","warning":"undocumented"},{"file":"/Users/Jeremy/Desktop/Jeremy/Evolv/Evolv/InfoViewController.swift","line":23,"symbol":"didReceiveMemoryWarning()","symbol_kind":"source.lang.swift.decl.function.method.instance","warning":"undocumented"},{"file":"/Users/Jeremy/Desktop/Jeremy/Evolv/Evolv/TableViewController.swift","line":10,"symbol":"TableViewController","symbol_kind":"source.lang.swift.decl.class","warning":"undocumented"},{"file":"/Users/Jeremy/Desktop/Jeremy/Evolv/Evolv/TableViewController.swift","line":15,"symbol":"numberOfThePeripheralToUpdate","symbol_kind":"source.lang.swift.decl.var.instance","warning":"undocumented"},{"file":"/Users/Jeremy/Desktop/Jeremy/Evolv/Evolv/TableViewController.swift","line":18,"symbol":"myTableView","symbol_kind":"source.lang.swift.decl.var.instance","warning":"undocumented"},{"file":"/Users/Jeremy/Desktop/Jeremy/Evolv/Evolv/TableViewController.swift","line":25,"symbol":"viewDidLoad()","symbol_kind":"source.lang.swift.decl.function.method.instance","warning":"undocumented"},{"file":"/Users/Jeremy/Desktop/Jeremy/Evolv/Evolv/TableViewController.swift","line":52,"symbol":"newValueDetected0()","symbol_kind":"source.lang.swift.decl.function.method.instance","warning":"undocumented"},{"file":"/Users/Jeremy/Desktop/Jeremy/Evolv/Evolv/TableViewController.swift","line":56,"symbol":"newValueDetected1()","symbol_kind":"source.lang.swift.decl.function.method.instance","warning":"undocumented"},{"file":"/Users/Jeremy/Desktop/Jeremy/Evolv/Evolv/TableViewController.swift","line":60,"symbol":"newValueDetected2()","symbol_kind":"source.lang.swift.decl.function.method.instance","warning":"undocumented"},{"file":"/Users/Jeremy/Desktop/Jeremy/Evolv/Evolv/TableViewController.swift","line":64,"symbol":"newValueDetected3()","symbol_kind":"source.lang.swift.decl.function.method.instance","warning":"undocumented"},{"file":"/Users/Jeremy/Desktop/Jeremy/Evolv/Evolv/TableViewController.swift","line":68,"symbol":"newValueDetected4()","symbol_kind":"source.lang.swift.decl.function.method.instance","warning":"undocumented"},{"file":"/Users/Jeremy/Desktop/Jeremy/Evolv/Evolv/TableViewController.swift","line":72,"symbol":"newValueDetected5()","symbol_kind":"source.lang.swift.decl.function.method.instance","warning":"undocumented"},{"file":"/Users/Jeremy/Desktop/Jeremy/Evolv/Evolv/TableViewController.swift","line":76,"symbol":"newValueDetected6()","symbol_kind":"source.lang.swift.decl.function.method.instance","warning":"undocumented"},{"file":"/Users/Jeremy/Desktop/Jeremy/Evolv/Evolv/TableViewController.swift","line":80,"symbol":"newValueDetected7()","symbol_kind":"source.lang.swift.decl.function.method.instance","warning":"undocumented"},{"file":"/Users/Jeremy/Desktop/Jeremy/Evolv/Evolv/TableViewController.swift","line":84,"symbol":"newValueDetected8()","symbol_kind":"source.lang.swift.decl.function.method.instance","warning":"undocumented"},{"file":"/Users/Jeremy/Desktop/Jeremy/Evolv/Evolv/TableViewController.swift","line":88,"symbol":"newValueDetected9()","symbol_kind":"source.lang.swift.decl.function.method.instance","warning":"undocumented"},{"file":"/Users/Jeremy/Desktop/Jeremy/Evolv/Evolv/TableViewController.swift","line":93,"symbol":"newInfoDetected()","symbol_kind":"source.lang.swift.decl.function.method.instance","warning":"undocumented"},{"file":"/Users/Jeremy/Desktop/Jeremy/Evolv/Evolv/TableViewController.swift","line":101,"symbol":"tableView(_:numberOfRowsInSection:)","symbol_kind":"source.lang.swift.decl.function.method.instance","warning":"undocumented"},{"file":"/Users/Jeremy/Desktop/Jeremy/Evolv/Evolv/TableViewController.swift","line":106,"symbol":"numberOfSectionsInTableView(_:)","symbol_kind":"source.lang.swift.decl.function.method.instance","warning":"undocumented"},{"file":"/Users/Jeremy/Desktop/Jeremy/Evolv/Evolv/TableViewController.swift","line":112,"symbol":"tableView(_:cellForRowAtIndexPath:)","symbol_kind":"source.lang.swift.decl.function.method.instance","warning":"undocumented"},{"file":"/Users/Jeremy/Desktop/Jeremy/Evolv/Evolv/TableViewController.swift","line":128,"symbol":"tableView(_:didSelectRowAtIndexPath:)","symbol_kind":"source.lang.swift.decl.function.method.instance","warning":"undocumented"},{"file":"/Users/Jeremy/Desktop/Jeremy/Evolv/Evolv/TableViewController.swift","line":131,"symbol":"newValueDetected()","symbol_kind":"source.lang.swift.decl.function.method.instance","warning":"undocumented"},{"file":"/Users/Jeremy/Desktop/Jeremy/Evolv/Evolv/TableViewController.swift","line":142,"symbol":"barButtonTapped(_:)","symbol_kind":"source.lang.swift.decl.function.method.instance","warning":"undocumented"},{"file":"/Users/Jeremy/Desktop/Jeremy/Evolv/Evolv/TableViewController.swift","line":157,"symbol":"adaptivePresentationStyleForPresentationController(_:)","symbol_kind":"source.lang.swift.decl.function.method.instance","warning":"undocumented"},{"file":"/Users/Jeremy/Desktop/Jeremy/Evolv/Evolv/PopOverViewController.swift","line":14,"symbol":"PopOverViewController","symbol_kind":"source.lang.swift.decl.class","warning":"undocumented"},{"file":"/Users/Jeremy/Desktop/Jeremy/Evolv/Evolv/PopOverViewController.swift","line":20,"symbol":"LabelInfo","symbol_kind":"source.lang.swift.decl.var.instance","warning":"undocumented"},{"file":"/Users/Jeremy/Desktop/Jeremy/Evolv/Evolv/PopOverViewController.swift","line":21,"symbol":"tableViewPeripheralAvailable","symbol_kind":"source.lang.swift.decl.var.instance","warning":"undocumented"},{"file":"/Users/Jeremy/Desktop/Jeremy/Evolv/Evolv/PopOverViewController.swift","line":27,"symbol":"viewDidLoad()","symbol_kind":"source.lang.swift.decl.function.method.instance","warning":"undocumented"},{"file":"/Users/Jeremy/Desktop/Jeremy/Evolv/Evolv/PopOverViewController.swift","line":47,"symbol":"viewWillAppear(_:)","symbol_kind":"source.lang.swift.decl.function.method.instance","warning":"undocumented"},{"file":"/Users/Jeremy/Desktop/Jeremy/Evolv/Evolv/PopOverViewController.swift","line":55,"symbol":"viewDidDisappear(_:)","symbol_kind":"source.lang.swift.decl.function.method.instance","warning":"undocumented"},{"file":"/Users/Jeremy/Desktop/Jeremy/Evolv/Evolv/PopOverViewController.swift","line":61,"symbol":"viewWillDisappear(_:)","symbol_kind":"source.lang.swift.decl.function.method.instance","warning":"undocumented"},{"file":"/Users/Jeremy/Desktop/Jeremy/Evolv/Evolv/PopOverViewController.swift","line":71,"symbol":"newInfoDetected()","symbol_kind":"source.lang.swift.decl.function.method.instance","warning":"undocumented"},{"file":"/Users/Jeremy/Desktop/Jeremy/Evolv/Evolv/PopOverViewController.swift","line":80,"symbol":"update()","symbol_kind":"source.lang.swift.decl.function.method.instance","warning":"undocumented"},{"file":"/Users/Jeremy/Desktop/Jeremy/Evolv/Evolv/PopOverViewController.swift","line":88,"symbol":"tableView(_:numberOfRowsInSection:)","symbol_kind":"source.lang.swift.decl.function.method.instance","warning":"undocumented"},{"file":"/Users/Jeremy/Desktop/Jeremy/Evolv/Evolv/PopOverViewController.swift","line":94,"symbol":"numberOfSectionsInTableView(_:)","symbol_kind":"source.lang.swift.decl.function.method.instance","warning":"undocumented"},{"file":"/Users/Jeremy/Desktop/Jeremy/Evolv/Evolv/PopOverViewController.swift","line":100,"symbol":"tableView(_:cellForRowAtIndexPath:)","symbol_kind":"source.lang.swift.decl.function.method.instance","warning":"undocumented"},{"file":"/Users/Jeremy/Desktop/Jeremy/Evolv/Evolv/PopOverViewController.swift","line":132,"symbol":"tableView(_:didSelectRowAtIndexPath:)","symbol_kind":"source.lang.swift.decl.function.method.instance","warning":"undocumented"},{"file":"/Users/Jeremy/Desktop/Jeremy/Evolv/Evolv/PopOverViewController.swift","line":186,"symbol":"buttonScan(_:)","symbol_kind":"source.lang.swift.decl.function.method.instance","warning":"undocumented"},{"file":"/Users/Jeremy/Desktop/Jeremy/Evolv/Evolv/PopOverViewController.swift","line":194,"symbol":"buttonDisconnectAllSensors(_:)","symbol_kind":"source.lang.swift.decl.function.method.instance","warning":"undocumented"}],"source_directory":"/Users/Jeremy/Desktop/Jeremy/Evolv"}