{"warnings":[{"file":"/Users/Jeremy/Desktop/iOS/iOS/GitHub/StretchSense iOS Project/Exemples/DemoMultipleChannel/DemoMultipleChannel/ViewController.swift","line":13,"symbol":"ViewController","symbol_kind":"source.lang.swift.decl.class","warning":"undocumented"},{"file":"/Users/Jeremy/Desktop/iOS/iOS/GitHub/StretchSense iOS Project/Exemples/DemoMultipleChannel/DemoMultipleChannel/ViewController.swift","line":15,"symbol":"myTableViewAvailable","symbol_kind":"source.lang.swift.decl.var.instance","warning":"undocumented"},{"file":"/Users/Jeremy/Desktop/iOS/iOS/GitHub/StretchSense iOS Project/Exemples/DemoMultipleChannel/DemoMultipleChannel/ViewController.swift","line":16,"symbol":"myTableViewConnected","symbol_kind":"source.lang.swift.decl.var.instance","warning":"undocumented"},{"file":"/Users/Jeremy/Desktop/iOS/iOS/GitHub/StretchSense iOS Project/Exemples/DemoMultipleChannel/DemoMultipleChannel/ViewController.swift","line":18,"symbol":"stretchsenseObject","symbol_kind":"source.lang.swift.decl.var.instance","warning":"undocumented"},{"file":"/Users/Jeremy/Desktop/iOS/iOS/GitHub/StretchSense iOS Project/Exemples/DemoMultipleChannel/DemoMultipleChannel/ViewController.swift","line":64,"symbol":"newInfoDetected()","symbol_kind":"source.lang.swift.decl.function.method.instance","warning":"undocumented"},{"file":"/Users/Jeremy/Desktop/iOS/iOS/GitHub/StretchSense iOS Project/Exemples/DemoMultipleChannel/DemoMultipleChannel/ViewController.swift","line":73,"symbol":"newValueDetected0()","symbol_kind":"source.lang.swift.decl.function.method.instance","warning":"undocumented"},{"file":"/Users/Jeremy/Desktop/iOS/iOS/GitHub/StretchSense iOS Project/Exemples/DemoMultipleChannel/DemoMultipleChannel/ViewController.swift","line":76,"symbol":"newValueDetected1()","symbol_kind":"source.lang.swift.decl.function.method.instance","warning":"undocumented"},{"file":"/Users/Jeremy/Desktop/iOS/iOS/GitHub/StretchSense iOS Project/Exemples/DemoMultipleChannel/DemoMultipleChannel/ViewController.swift","line":79,"symbol":"newValueDetected2()","symbol_kind":"source.lang.swift.decl.function.method.instance","warning":"undocumented"},{"file":"/Users/Jeremy/Desktop/iOS/iOS/GitHub/StretchSense iOS Project/Exemples/DemoMultipleChannel/DemoMultipleChannel/ViewController.swift","line":82,"symbol":"newValueDetected3()","symbol_kind":"source.lang.swift.decl.function.method.instance","warning":"undocumented"},{"file":"/Users/Jeremy/Desktop/iOS/iOS/GitHub/StretchSense iOS Project/Exemples/DemoMultipleChannel/DemoMultipleChannel/ViewController.swift","line":85,"symbol":"newValueDetected4()","symbol_kind":"source.lang.swift.decl.function.method.instance","warning":"undocumented"},{"file":"/Users/Jeremy/Desktop/iOS/iOS/GitHub/StretchSense iOS Project/Exemples/DemoMultipleChannel/DemoMultipleChannel/ViewController.swift","line":88,"symbol":"newValueDetected5()","symbol_kind":"source.lang.swift.decl.function.method.instance","warning":"undocumented"},{"file":"/Users/Jeremy/Desktop/iOS/iOS/GitHub/StretchSense iOS Project/Exemples/DemoMultipleChannel/DemoMultipleChannel/ViewController.swift","line":91,"symbol":"newValueDetected6()","symbol_kind":"source.lang.swift.decl.function.method.instance","warning":"undocumented"},{"file":"/Users/Jeremy/Desktop/iOS/iOS/GitHub/StretchSense iOS Project/Exemples/DemoMultipleChannel/DemoMultipleChannel/ViewController.swift","line":94,"symbol":"newValueDetected7()","symbol_kind":"source.lang.swift.decl.function.method.instance","warning":"undocumented"},{"file":"/Users/Jeremy/Desktop/iOS/iOS/GitHub/StretchSense iOS Project/Exemples/DemoMultipleChannel/DemoMultipleChannel/ViewController.swift","line":97,"symbol":"newValueDetected8()","symbol_kind":"source.lang.swift.decl.function.method.instance","warning":"undocumented"},{"file":"/Users/Jeremy/Desktop/iOS/iOS/GitHub/StretchSense iOS Project/Exemples/DemoMultipleChannel/DemoMultipleChannel/ViewController.swift","line":100,"symbol":"newValueDetected9()","symbol_kind":"source.lang.swift.decl.function.method.instance","warning":"undocumented"},{"file":"/Users/Jeremy/Desktop/iOS/iOS/GitHub/StretchSense iOS Project/Exemples/DemoMultipleChannel/DemoMultipleChannel/ViewController.swift","line":115,"symbol":"tableView(_:numberOfRowsInSection:)","symbol_kind":"source.lang.swift.decl.function.method.instance","warning":"undocumented"},{"file":"/Users/Jeremy/Desktop/iOS/iOS/GitHub/StretchSense iOS Project/Exemples/DemoMultipleChannel/DemoMultipleChannel/ViewController.swift","line":131,"symbol":"numberOfSectionsInTableView(_:)","symbol_kind":"source.lang.swift.decl.function.method.instance","warning":"undocumented"},{"file":"/Users/Jeremy/Desktop/iOS/iOS/GitHub/StretchSense iOS Project/Exemples/DemoMultipleChannel/DemoMultipleChannel/ViewController.swift","line":138,"symbol":"tableView(_:cellForRowAtIndexPath:)","symbol_kind":"source.lang.swift.decl.function.method.instance","warning":"undocumented"},{"file":"/Users/Jeremy/Desktop/iOS/iOS/GitHub/StretchSense iOS Project/Exemples/DemoMultipleChannel/DemoMultipleChannel/ViewController.swift","line":188,"symbol":"tableView(_:didSelectRowAtIndexPath:)","symbol_kind":"source.lang.swift.decl.function.method.instance","warning":"undocumented"},{"file":"/Users/Jeremy/Desktop/iOS/iOS/GitHub/StretchSense iOS Project/Exemples/DemoMultipleChannel/DemoMultipleChannel/ViewController.swift","line":null,"symbol":"ViewController","symbol_kind":"source.lang.swift.decl.extension","warning":"undocumented"},{"file":"/Users/Jeremy/Desktop/iOS/iOS/GitHub/StretchSense iOS Project/Exemples/DemoMultipleChannel/DemoMultipleChannel/AppDelegate.swift","line":12,"symbol":"AppDelegate","symbol_kind":"source.lang.swift.decl.class","warning":"undocumented"},{"file":"/Users/Jeremy/Desktop/iOS/iOS/GitHub/StretchSense iOS Project/Exemples/DemoMultipleChannel/DemoMultipleChannel/AppDelegate.swift","line":14,"symbol":"window","symbol_kind":"source.lang.swift.decl.var.instance","warning":"undocumented"},{"file":"/Users/Jeremy/Desktop/iOS/iOS/GitHub/StretchSense iOS Project/Exemples/DemoMultipleChannel/DemoMultipleChannel/AppDelegate.swift","line":17,"symbol":"application(_:didFinishLaunchingWithOptions:)","symbol_kind":"source.lang.swift.decl.function.method.instance","warning":"undocumented"},{"file":"/Users/Jeremy/Desktop/iOS/iOS/GitHub/StretchSense iOS Project/Exemples/DemoMultipleChannel/DemoMultipleChannel/AppDelegate.swift","line":22,"symbol":"applicationWillResignActive(_:)","symbol_kind":"source.lang.swift.decl.function.method.instance","warning":"undocumented"},{"file":"/Users/Jeremy/Desktop/iOS/iOS/GitHub/StretchSense iOS Project/Exemples/DemoMultipleChannel/DemoMultipleChannel/AppDelegate.swift","line":27,"symbol":"applicationDidEnterBackground(_:)","symbol_kind":"source.lang.swift.decl.function.method.instance","warning":"undocumented"},{"file":"/Users/Jeremy/Desktop/iOS/iOS/GitHub/StretchSense iOS Project/Exemples/DemoMultipleChannel/DemoMultipleChannel/AppDelegate.swift","line":32,"symbol":"applicationWillEnterForeground(_:)","symbol_kind":"source.lang.swift.decl.function.method.instance","warning":"undocumented"},{"file":"/Users/Jeremy/Desktop/iOS/iOS/GitHub/StretchSense iOS Project/Exemples/DemoMultipleChannel/DemoMultipleChannel/AppDelegate.swift","line":36,"symbol":"applicationDidBecomeActive(_:)","symbol_kind":"source.lang.swift.decl.function.method.instance","warning":"undocumented"},{"file":"/Users/Jeremy/Desktop/iOS/iOS/GitHub/StretchSense iOS Project/Exemples/DemoMultipleChannel/DemoMultipleChannel/AppDelegate.swift","line":40,"symbol":"applicationWillTerminate(_:)","symbol_kind":"source.lang.swift.decl.function.method.instance","warning":"undocumented"}],"source_directory":"/Users/Jeremy/Desktop/iOS/iOS/GitHub/StretchSense iOS Project/Exemples/DemoMultipleChannel"}