{"warnings":[{"file":"/Users/Jeremy/Desktop/iOS/GitHub/StretchSense iOS Project/Exemples/DemoSingleChannel/StretchSenseDemoApp/StretchSenseDemoApp/ViewController.swift","line":40,"symbol":"viewDidLoad()","symbol_kind":"source.lang.swift.decl.function.method.instance","warning":"undocumented"},{"file":"/Users/Jeremy/Desktop/iOS/GitHub/StretchSense iOS Project/Exemples/DemoSingleChannel/StretchSenseDemoApp/StretchSenseDemoApp/AppDelegate.swift","line":12,"symbol":"AppDelegate","symbol_kind":"source.lang.swift.decl.class","warning":"undocumented"},{"file":"/Users/Jeremy/Desktop/iOS/GitHub/StretchSense iOS Project/Exemples/DemoSingleChannel/StretchSenseDemoApp/StretchSenseDemoApp/AppDelegate.swift","line":14,"symbol":"window","symbol_kind":"source.lang.swift.decl.var.instance","warning":"undocumented"},{"file":"/Users/Jeremy/Desktop/iOS/GitHub/StretchSense iOS Project/Exemples/DemoSingleChannel/StretchSenseDemoApp/StretchSenseDemoApp/AppDelegate.swift","line":17,"symbol":"application(_:didFinishLaunchingWithOptions:)","symbol_kind":"source.lang.swift.decl.function.method.instance","warning":"undocumented"},{"file":"/Users/Jeremy/Desktop/iOS/GitHub/StretchSense iOS Project/Exemples/DemoSingleChannel/StretchSenseDemoApp/StretchSenseDemoApp/AppDelegate.swift","line":22,"symbol":"applicationWillResignActive(_:)","symbol_kind":"source.lang.swift.decl.function.method.instance","warning":"undocumented"},{"file":"/Users/Jeremy/Desktop/iOS/GitHub/StretchSense iOS Project/Exemples/DemoSingleChannel/StretchSenseDemoApp/StretchSenseDemoApp/AppDelegate.swift","line":27,"symbol":"applicationDidEnterBackground(_:)","symbol_kind":"source.lang.swift.decl.function.method.instance","warning":"undocumented"},{"file":"/Users/Jeremy/Desktop/iOS/GitHub/StretchSense iOS Project/Exemples/DemoSingleChannel/StretchSenseDemoApp/StretchSenseDemoApp/AppDelegate.swift","line":32,"symbol":"applicationWillEnterForeground(_:)","symbol_kind":"source.lang.swift.decl.function.method.instance","warning":"undocumented"},{"file":"/Users/Jeremy/Desktop/iOS/GitHub/StretchSense iOS Project/Exemples/DemoSingleChannel/StretchSenseDemoApp/StretchSenseDemoApp/AppDelegate.swift","line":36,"symbol":"applicationDidBecomeActive(_:)","symbol_kind":"source.lang.swift.decl.function.method.instance","warning":"undocumented"},{"file":"/Users/Jeremy/Desktop/iOS/GitHub/StretchSense iOS Project/Exemples/DemoSingleChannel/StretchSenseDemoApp/StretchSenseDemoApp/AppDelegate.swift","line":40,"symbol":"applicationWillTerminate(_:)","symbol_kind":"source.lang.swift.decl.function.method.instance","warning":"undocumented"}],"source_directory":"/Users/Jeremy/Desktop/iOS/GitHub/StretchSense iOS Project/Exemples/DemoSingleChannel/StretchSenseDemoApp"}